{"cameraMode":{"drawMode":0,"name":"Shaded","section":"Shading Mode"},"sceneLighting":true,"audioPlay":false,"sceneViewState":{"showFog":true,"showMaterialUpdate":false,"showSkybox":false,"showFlares":true,"showImageEffects":true,"showParticleSystems":true},"in2DMode":false,"pivot":{"x":4.872906684875488,"y":4.355464935302734,"z":2.3739328384399416},"rotation":{"x":-0.24335551261901856,"y":-0.11174526065587998,"z":0.02821052074432373,"w":-0.9630804061889648},"size":6.4928879737854,"orthographic":true}